"Id";"Identificador";"Huella";"Cantidad";"Identificación";"Suministrador y ref";
1;"C3";"C_0805_2012Metric_Pad1.18x1.45mm_HandSolder";1;"0.8pF";;;
2;"U1";"jfmateos_st25_so8n";1;"ST25DV64K-IER8C3";;;
3;"R2,R1";"R_0805_2012Metric_Pad1.20x1.40mm_HandSolder";2;"2.2k";;;
4;"L1";"jfmateos_w3102";1;"4.7uH (W3102)";;;
5;"C2";"C_0805_2012Metric_Pad1.18x1.45mm_HandSolder";1;"2.2uF";;;
6;"J1";"PinHeader_1x06_P2.54mm_Vertical";1;"Conn_01x06";;;
7;"C1";"C_0805_2012Metric_Pad1.18x1.45mm_HandSolder";1;"100nF";;;
