[{"id":"c6cc22d4.ff5a","type":"tab","label":"TTN Plant","disabled":false,"info":""},{"id":"e76729f9.c90748","type":"function","z":"c6cc22d4.ff5a","name":"","func":"var buffer = Buffer.from(msg.payload.uplink_message.frm_payload, 'base64');\nvar bytes = buffer.toString('hex');\n\nvar timestamp = new Date(msg.payload.received_at).toLocaleString('es-ES');\n\nvar power = bytes[0]+bytes[1]+bytes[2]+bytes[3];\nvar temperature = bytes[4]+bytes[5]+bytes[6]+bytes[7];\nvar humidity = bytes[8]+bytes[9];\nvar moisture = bytes[10]+bytes[11]+bytes[12]+bytes[13];\nvar luminosity = bytes[14]+bytes[15]+bytes[16]+bytes[17];\n\npower = parseInt(power, 16)/1000;\ntemperature = parseInt(temperature, 16)/10;\nhumidity = parseInt(humidity, 16)/2;\nmoisture=1023-parseInt(moisture, 16);\nluminosity = parseInt(luminosity, 16);\n\nvar rx_metadata = {\n    \n};\n\nvar message = {\n    timestamp:timestamp,\n    raw_data:\"0x\"+bytes,\n    power:power,\n    temperature:temperature,\n    humidity:humidity,\n    luminosity:luminosity,\n    moisture:moisture,\n    latitude:msg.payload.uplink_message.rx_metadata[0].location.latitude,\n    longitude:msg.payload.uplink_message.rx_metadata[0].location.longitude,\n    count:msg.payload.uplink_message.f_cnt,\n    rssi:msg.payload.uplink_message.rx_metadata[0].rssi,\n    snr:msg.payload.uplink_message.rx_metadata[0].snr,\n    frequency:msg.payload.uplink_message.settings.frequency\n};\n\nmsg.payload = message;\nreturn msg;","outputs":1,"noerr":0,"initialize":"","finalize":"","x":580,"y":280,"wires":[["196b9734.dbff09"]]},{"id":"196b9734.dbff09","type":"json","z":"c6cc22d4.ff5a","name":"","property":"payload","action":"","pretty":false,"x":730,"y":280,"wires":[["d5cd4566.aa5dd8"]]},{"id":"d5cd4566.aa5dd8","type":"mqtt out","z":"c6cc22d4.ff5a","name":"","topic":"ttn/ttnmadplant","qos":"","retain":"","broker":"60f57785.d3c908","x":920,"y":280,"wires":[]},{"id":"8dfae155.7f72b","type":"mqtt in","z":"c6cc22d4.ff5a","name":"","topic":"#","qos":"2","datatype":"auto","broker":"89e42669.bc1a38","x":230,"y":280,"wires":[["50a85b79.0d1874"]]},{"id":"50a85b79.0d1874","type":"json","z":"c6cc22d4.ff5a","name":"","property":"payload","action":"","pretty":false,"x":390,"y":280,"wires":[["e76729f9.c90748"]]},{"id":"60f57785.d3c908","type":"mqtt-broker","name":"mqtt-broker","broker":"192.168.1.1","port":"1883","clientid":"node-red","usetls":false,"compatmode":false,"keepalive":"60","cleansession":true,"birthTopic":"","birthQos":"0","birthPayload":"","closeTopic":"","closeQos":"0","closePayload":"","willTopic":"","willQos":"0","willPayload":""},{"id":"89e42669.bc1a38","type":"mqtt-broker","name":"TTN MQTT Server","broker":"eu1.cloud.thethings.network:1883","port":"1883","clientid":"","usetls":false,"compatmode":false,"keepalive":"60","cleansession":true,"birthTopic":"","birthQos":"0","birthPayload":"","closeTopic":"","closeQos":"0","closePayload":"","willTopic":"","willQos":"0","willPayload":""}]